model,accuracy,precision,recall,f1
KNN,0.745,0.0625,0.3333333333333333,0.10526315789473684
SVM,0.835,0.038461538461538464,0.1111111111111111,0.05714285714285714
RandomForest,0.93,0.0,0.0,0.0
GradientBoosting,0.915,0.0,0.0,0.0
DecisionTree,0.885,0.0,0.0,0.0
RandomForest_Tuned,0.93,0.0,0.0,0.0
