model,accuracy,precision,recall,f1,roc_auc,pr_auc,threshold
LogisticRegression,0.295,0.04794520547945205,0.7777777777777778,0.09032258064516129,0.5770796974985457,0.0389768776555037,0.42184942562364686
GradientBoostingClassifier,0.48,0.047619047619047616,0.5555555555555556,0.08771929824561403,0.4514252472367656,0.04387735762768567,8.125577274672436e-05
RandomForestClassifier,0.73,0.04081632653061224,0.2222222222222222,0.06896551724137931,0.5255962769051774,0.04448407761072955,0.21
XGBoostClassifier,0.435,0.03571428571428571,0.4444444444444444,0.06611570247933884,0.46015125072716695,0.04386850309387422,0.0008790309657342732
DecisionTreeClassifier,0.86,0.0,0.0,0.0,0.4502617801047121,0.1812426900584795,1.0
